time,S_low,S_high
0.0,1.0,1.0
1.7320507764816284,,0.9166666666666667
2.2360680103302,,0.8333333333333335
2.8284270763397217,,0.8333333333333335
3.464101552963257,0.9090909090909092,
3.605551242828369,0.9090909090909092,
3.7416574954986572,0.7954545454545456,
4.0,0.7954545454545456,
4.123105525970459,,0.8333333333333335
4.242640495300293,,0.7291666666666669
4.795831680297852,,0.6250000000000002
5.4772257804870605,,0.5208333333333335
5.5677642822265625,0.7954545454545456,
6.0,0.7954545454545456,0.5208333333333335
6.324555397033691,0.7954545454545456,
6.4031243324279785,,0.39062500000000017
7.348469257354736,,0.39062500000000017
7.549834251403809,,0.39062500000000017
8.185352325439453,0.7954545454545456,
8.83176040649414,,0.39062500000000017
9.591663360595703,0.7954545454545456,
13.711309432983398,0.7954545454545456,
