dataset,method,run_id,seed,sample_id,observed_time,event,horizon_t25,pred_survival_t25,pred_risk_t25,horizon_t50,pred_survival_t50,pred_risk_t50,horizon_t75,pred_survival_t75,pred_risk_t75
survset:vlbw,CoxPH,9,50,162,28.0,0,2.0,0.9993008886874137,0.0006991113125862647,10.0,0.9977009520829403,0.0022990479170597045,36.0,0.9916763354421108,0.008323664557889243
survset:vlbw,CoxPH,9,50,497,128.0,0,2.0,0.9983863736152052,0.0016136263847947863,10.0,0.9946991008660018,0.005300899133998227,36.0,0.9808838993788456,0.01911610062115443
survset:vlbw,CoxPH,9,50,7,38.0,0,2.0,0.9937728799876759,0.006227120012324061,10.0,0.9796513348829202,0.02034866511707978,36.0,0.9280613466282721,0.07193865337172789
survset:vlbw,CoxPH,9,50,417,22.0,0,2.0,0.9993853108322476,0.0006146891677524247,10.0,0.9979783812225881,0.0020216187774119154,36.0,0.9926780895269651,0.007321910473034876
survset:vlbw,CoxPH,9,50,290,42.0,0,2.0,0.9854788506935488,0.014521149306451209,10.0,0.952998569364316,0.04700143063568396,36.0,0.8396039133454075,0.16039608665459248
survset:vlbw,CoxPH,9,50,199,2.0,0,2.0,0.9985602788728518,0.0014397211271481858,10.0,0.9952694515955365,0.004730548404463519,36.0,0.9829278768288584,0.017072123171141595
survset:vlbw,CoxPH,9,50,570,46.0,0,2.0,0.9994420860975117,0.0005579139024882718,10.0,0.9981649870308541,0.0018350129691458994,36.0,0.9933523068391367,0.006647693160863333
survset:vlbw,CoxPH,9,50,554,113.0,0,2.0,0.9984140243006638,0.0015859756993361618,10.0,0.9947897705936201,0.00521022940637994,36.0,0.9812086282284961,0.018791371771503917
survset:vlbw,CoxPH,9,50,50,43.0,0,2.0,0.9979891122612978,0.0020108877387021717,10.0,0.9933970709212394,0.006602929078760589,36.0,0.9762293314085627,0.023770668591437283
survset:vlbw,CoxPH,9,50,377,3.0,1,2.0,0.3168283089864237,0.6831716910135763,10.0,0.02275777258848381,0.9772422274115162,36.0,1.0814130047029e-06,0.9999989185869953
survset:vlbw,CoxPH,9,50,265,38.0,0,2.0,0.999260797163433,0.0007392028365670322,10.0,0.9975692216049727,0.0024307783950272555,36.0,0.9912009334682527,0.008799066531747335
survset:vlbw,CoxPH,9,50,133,1.0,1,2.0,0.9730153115228835,0.026984688477116547,10.0,0.9139025685099368,0.08609743149006321,36.0,0.7211236876198029,0.27887631238019706
survset:vlbw,CoxPH,9,50,188,3.0,0,2.0,0.9994180269304869,0.0005819730695131309,10.0,0.9980859077231329,0.0019140922768671187,36.0,0.9930665483387561,0.006933451661243928
survset:vlbw,CoxPH,9,50,449,58.0,0,2.0,0.9405104722153277,0.059489527784672314,10.0,0.817213159110973,0.18278684088902697,36.0,0.4804517991524379,0.519548200847562
survset:vlbw,CoxPH,9,50,419,42.0,0,2.0,0.9971396108163822,0.002860389183617751,10.0,0.9906167994930998,0.009383200506900224,36.0,0.9663438683436625,0.03365613165633752
survset:vlbw,CoxPH,9,50,479,48.0,0,2.0,0.9994611289950673,0.0005388710049326617,10.0,0.9982275816150417,0.0017724183849583408,36.0,0.99357853890505,0.0064214610949500095
survset:vlbw,CoxPH,9,50,78,42.0,0,2.0,0.9936437102980176,0.006356289701982432,10.0,0.9792323195730028,0.02076768042699717,36.0,0.9266206543691753,0.07337934563082471
survset:vlbw,CoxPH,9,50,104,99.0,0,2.0,0.9894336855906688,0.010566314409331201,10.0,0.9656435540690883,0.034356445930911694,36.0,0.8807711235203534,0.11922887647964664
survset:vlbw,CoxPH,9,50,307,5.0,0,2.0,0.9992695144629292,0.0007304855370707797,10.0,0.9975978633878878,0.0024021366121121934,36.0,0.991304284713351,0.00869571528664903
survset:vlbw,CoxPH,9,50,79,113.0,0,2.0,0.973976593550885,0.02602340644911505,10.0,0.9168774662893492,0.08312253371065081,36.0,0.7296846355743558,0.2703153644256442
survset:vlbw,CoxPH,9,50,52,36.0,0,2.0,0.9978328298706403,0.002167170129359741,10.0,0.9928851784340996,0.0071148215659003755,36.0,0.9744037808462718,0.025596219153728228
survset:vlbw,CoxPH,9,50,349,37.0,0,2.0,0.9964788016379925,0.0035211983620074827,10.0,0.9884578345201929,0.011542165479807132,36.0,0.9587176972473189,0.04128230275268108
survset:vlbw,CoxPH,9,50,111,1.0,1,2.0,0.9902462721317923,0.009753727868207718,10.0,0.9682560635551036,0.03174393644489637,36.0,0.88945533022648,0.11054466977351995
survset:vlbw,CoxPH,9,50,212,89.0,0,2.0,0.9945232807666264,0.0054767192333735615,10.0,0.9820880393431694,0.01791196065683065,36.0,0.9364716079043726,0.06352839209562744
survset:vlbw,CoxPH,9,50,101,62.0,0,2.0,0.9959358555027933,0.004064144497206712,10.0,0.9866863992907692,0.013313600709230822,36.0,0.9524930575125935,0.0475069424874065
survset:vlbw,CoxPH,9,50,362,26.0,1,2.0,0.7326312091808508,0.2673687908191492,10.0,0.35918295236641845,0.6408170476335815,36.0,0.024274444082625676,0.9757255559173743
survset:vlbw,CoxPH,9,50,585,66.0,0,2.0,0.998447183569769,0.0015528164302309744,10.0,0.9948985111775109,0.005101488822489064,36.0,0.9815981796252307,0.01840182037476934
survset:vlbw,CoxPH,9,50,128,49.0,0,2.0,0.992861016792315,0.0071389832076850235,10.0,0.9766959975623472,0.02330400243765285,36.0,0.9179346355850129,0.08206536441498713
survset:vlbw,CoxPH,9,50,368,31.0,0,2.0,0.984160303142167,0.01583969685783304,10.0,0.9488084683804624,0.0511915316195376,36.0,0.8262756467198066,0.17372435328019342
survset:vlbw,CoxPH,9,50,509,5.0,0,2.0,0.9985516246621954,0.0014483753378046194,10.0,0.9952410633150222,0.004758936684977844,36.0,0.9828260682525092,0.017173931747490823
survset:vlbw,CoxPH,9,50,28,168.0,0,2.0,0.9958276382275564,0.004172361772443622,10.0,0.9863335901264205,0.013666409873579477,36.0,0.9512568288653497,0.04874317113465032
survset:vlbw,CoxPH,9,50,379,54.0,0,2.0,0.9967267903611754,0.0032732096388246035,10.0,0.9892676673469021,0.01073233265309792,36.0,0.9615731611804569,0.03842683881954312
survset:vlbw,CoxPH,9,50,351,6.0,0,2.0,0.9996430829861732,0.0003569170138267852,10.0,0.9988258077267396,0.0011741922732604326,36.0,0.9957425576430551,0.004257442356944918
survset:vlbw,CoxPH,9,50,580,57.0,0,2.0,0.9990289735048189,0.0009710264951811043,10.0,0.9968077458661877,0.0031922541338123,36.0,0.9884560803238933,0.011543919676106684
survset:vlbw,CoxPH,9,50,258,3.0,1,2.0,0.7674825118051355,0.2325174881948645,10.0,0.4185443883356568,0.5814556116643432,36.0,0.04230304068937125,0.9576969593106287
survset:vlbw,CoxPH,9,50,320,71.0,0,2.0,0.9971386926278131,0.0028613073721869275,10.0,0.9906137973548109,0.009386202645189079,36.0,0.966333233390897,0.03366676660910295
survset:vlbw,CoxPH,9,50,124,51.0,0,2.0,0.9995824377806442,0.00041756221935584925,10.0,0.9986263914383704,0.0013736085616296023,36.0,0.995020811529395,0.004979188470604967
survset:vlbw,CoxPH,9,50,70,29.0,0,2.0,0.9757810190610765,0.024218980938923496,10.0,0.9224798489385115,0.07752015106148846,36.0,0.7460063706551727,0.2539936293448273
survset:vlbw,CoxPH,9,50,69,29.0,1,2.0,0.9996612966368817,0.00033870336311825344,10.0,0.9988857040836807,0.0011142959163192856,36.0,0.9959594142132829,0.004040585786717066
survset:vlbw,CoxPH,9,50,369,31.0,0,2.0,0.9920250843257861,0.007974915674213934,10.0,0.9739922088044167,0.026007791195583274,36.0,0.9087402362624416,0.0912597637375584
survset:vlbw,CoxPH,9,50,557,33.0,0,2.0,0.999610440544977,0.00038955945502294753,10.0,0.9987184679410182,0.001281532058981849,36.0,0.9953540163092243,0.004645983690775735
survset:vlbw,CoxPH,9,50,190,19.0,0,2.0,0.9995962397920748,0.00040376020792520784,10.0,0.9986717733958221,0.0013282266041778623,36.0,0.9951850288318393,0.004814971168160653
survset:vlbw,CoxPH,9,50,280,57.0,0,2.0,0.9974283778045,0.0025716221955000007,10.0,0.9915612754059098,0.00843872459409023,36.0,0.9696938484547829,0.030306151545217097
survset:vlbw,CoxPH,9,50,180,7.0,0,2.0,0.9997172615525558,0.0002827384474441974,10.0,0.9990697627097745,0.0009302372902254552,36.0,0.9966260181974519,0.0033739818025481094
survset:vlbw,CoxPH,9,50,279,55.0,0,2.0,0.9983866991967006,0.0016133008032993557,10.0,0.9947001684511072,0.005299831548892797,36.0,0.9808877224254904,0.019112277574509617
survset:vlbw,CoxPH,9,50,54,64.0,0,2.0,0.9962265821348181,0.0037734178651819272,10.0,0.987634659150898,0.012365340849102013,36.0,0.955821489909247,0.04417851009075302
survset:vlbw,CoxPH,9,50,65,98.0,0,2.0,0.9972066857557822,0.002793314244217804,10.0,0.9908361269612709,0.00916387303872912,36.0,0.967121056438606,0.03287894356139398
survset:vlbw,CoxPH,9,50,527,15.0,0,2.0,0.9995367614849647,0.00046323851503526914,10.0,0.9984762148918376,0.0015237851081624232,36.0,0.9944775287956004,0.005522471204399637
survset:vlbw,CoxPH,9,50,552,26.0,0,2.0,0.9981587208407717,0.0018412791592282707,10.0,0.9939528203053271,0.006047179694672944,36.0,0.9782140924057144,0.02178590759428556
survset:vlbw,CoxPH,9,50,198,32.0,0,2.0,0.9989023250719433,0.00109767492805668,10.0,0.9963919122279893,0.003608087772010715,36.0,0.9869594732174215,0.013040526782578499
survset:vlbw,CoxPH,9,50,445,32.0,0,2.0,0.9996254613976604,0.00037453860233960246,10.0,0.9987678607709966,0.0012321392290034483,36.0,0.995532791503693,0.004467208496306996
survset:vlbw,CoxPH,9,50,102,35.0,0,2.0,0.9979295786905413,0.00207042130945867,10.0,0.9932020510459583,0.006797948954041733,36.0,0.975533544475654,0.02446645552434601
survset:vlbw,CoxPH,9,50,466,39.0,0,2.0,0.9990786325772373,0.00092136742276272,10.0,0.9969708279317647,0.003029172068235275,36.0,0.9890434699303141,0.010956530069685888
survset:vlbw,CoxPH,9,50,354,226.0,0,2.0,0.999902818046256,9.718195374397443e-05,10.0,0.9996801938397859,0.0003198061602140978,36.0,0.998839127097243,0.0011608729027570153
survset:vlbw,CoxPH,9,50,578,41.0,0,2.0,0.9902048659261639,0.009795134073836143,10.0,0.9681228215406307,0.031877178459369326,36.0,0.8890109271361999,0.11098907286380011
survset:vlbw,CoxPH,9,50,328,4.0,0,2.0,0.9927680354209659,0.007231964579034078,10.0,0.9763949952357348,0.02360500476426519,36.0,0.916907739042027,0.08309226095797295
survset:vlbw,CoxPH,9,50,516,17.0,1,2.0,0.9818715007963512,0.018128499203648785,10.0,0.9415655579723959,0.05843444202760406,36.0,0.8035992348691301,0.1964007651308699
survset:vlbw,CoxPH,9,50,406,18.0,1,2.0,0.966227831155807,0.033772168844192985,10.0,0.8930881464232755,0.1069118535767245,36.0,0.6632465206825002,0.33675347931749977
survset:vlbw,CoxPH,9,50,545,1.0,1,2.0,0.9845418215325453,0.015458178467454675,10.0,0.9500195421364832,0.04998045786351679,36.0,0.830112072889429,0.169887927110571
survset:vlbw,CoxPH,9,50,352,106.0,0,2.0,0.9996298246266095,0.0003701753733904578,10.0,0.9987822086257895,0.0012177913742105195,36.0,0.995584727299339,0.004415272700660999
survset:vlbw,CoxPH,9,50,341,28.0,0,2.0,0.9993223212996976,0.000677678700302442,10.0,0.9977713791238085,0.002228620876191467,36.0,0.9919305672796359,0.00806943272036409
survset:vlbw,CoxPH,9,50,143,12.0,1,2.0,0.9981614959829689,0.0018385040170311173,10.0,0.9939619152976947,0.006038084702305269,36.0,0.9782465978651904,0.021753402134809585
survset:vlbw,CoxPH,9,50,393,15.0,0,2.0,0.9992899093416048,0.0007100906583952238,10.0,0.9976648755610816,0.002335124438918368,36.0,0.991546122498,0.008453877501999996
survset:vlbw,CoxPH,9,50,214,22.0,0,2.0,0.9993203623273424,0.0006796376726575515,10.0,0.9977649418447582,0.0022350581552418314,36.0,0.9919073276352692,0.008092672364730769
survset:vlbw,CoxPH,9,50,416,8.0,0,2.0,0.9999671571077904,3.284289220961689e-05,10.0,0.9998919127158565,0.00010808728414346547,36.0,0.9996075417721595,0.00039245822784050866
survset:vlbw,CoxPH,9,50,576,43.0,0,2.0,0.9988352458012624,0.0011647541987376275,10.0,0.9961717151045213,0.0038282848954787063,36.0,0.9861676375098369,0.013832362490163064
survset:vlbw,CoxPH,9,50,395,16.0,0,2.0,0.9996623194659339,0.0003376805340661315,10.0,0.9988890677742177,0.0011109322257822907,36.0,0.995971593571334,0.004028406428665976
survset:vlbw,CoxPH,9,50,257,18.0,0,2.0,0.9897849415520835,0.01021505844791648,10.0,0.9667722579582767,0.033227742041723296,36.0,0.884515458147339,0.115484541852661
survset:vlbw,CoxPH,9,50,0,34.0,0,2.0,0.9995971011716375,0.0004028988283625301,10.0,0.9986746057183276,0.0013253942816724429,36.0,0.995195278409721,0.004804721590279004
survset:vlbw,CoxPH,9,50,568,122.0,0,2.0,0.989080448741359,0.01091955125864097,10.0,0.9645094103869425,0.03549058961305751,36.0,0.8770203254406437,0.12297967455935632
survset:vlbw,CoxPH,9,50,477,29.0,0,2.0,0.999312326660591,0.0006876733394090007,10.0,0.9977385365530077,0.0022614634469922956,36.0,0.9918120042837346,0.008187995716265384
survset:vlbw,CoxPH,9,50,543,109.0,0,2.0,0.9728264505810587,0.027173549418941345,10.0,0.9133188877822533,0.08668111221774666,36.0,0.7194525937564061,0.28054740624359387
survset:vlbw,CoxPH,9,50,525,234.0,0,2.0,0.9994797102941476,0.0005202897058523837,10.0,0.9982886615449892,0.0017113384550108135,36.0,0.993799332630642,0.006200667369357982
survset:vlbw,CoxPH,9,50,267,23.0,1,2.0,0.8439806092344254,0.15601939076557458,10.0,0.5722002700653968,0.42779972993460325,36.0,0.13168818929798107,0.8683118107020189
survset:vlbw,CoxPH,9,50,329,4.0,0,2.0,0.9985372020645482,0.0014627979354517873,10.0,0.9951937543316244,0.004806245668375619,36.0,0.9826564215467031,0.017343578453296926
survset:vlbw,CoxPH,9,50,394,79.0,0,2.0,0.9984030443702292,0.001596955629770802,10.0,0.9947537654701148,0.005246234529885152,36.0,0.9810796684530927,0.01892033154690731
survset:vlbw,CoxPH,9,50,532,66.0,0,2.0,0.9947036716289013,0.005296328371098724,10.0,0.9826744337134553,0.01732556628654469,36.0,0.9385037578206251,0.06149624217937488
survset:vlbw,CoxPH,9,50,392,52.0,0,2.0,0.9958377860682212,0.0041622139317788465,10.0,0.9863666703097127,0.013633329690287299,36.0,0.9513726910285012,0.048627308971498806
survset:vlbw,CoxPH,9,50,151,7.0,1,2.0,0.937102274270095,0.06289772572990504,10.0,0.8075071153376354,0.19249288466236458,36.0,0.46005126688566655,0.5399487331143334
survset:vlbw,CoxPH,9,50,604,12.0,1,2.0,0.9379111241907944,0.062088875809205635,10.0,0.8098032969735703,0.19019670302642966,36.0,0.46481964866514097,0.535180351334859
survset:vlbw,CoxPH,9,50,338,32.0,0,2.0,0.9840830062517317,0.01591699374826827,10.0,0.948563231826101,0.05143676817389897,36.0,0.8255003561405726,0.1744996438594274
survset:vlbw,CoxPH,9,50,86,144.0,0,2.0,0.9944240283067127,0.005575971693287274,10.0,0.9817655044953075,0.01823449550469247,36.0,0.935355223488656,0.06464477651134404
survset:vlbw,CoxPH,9,50,66,1.0,1,2.0,0.9880158818398993,0.011984118160100699,10.0,0.9610969958096605,0.03890300419033954,36.0,0.8658047099275359,0.1341952900724641
survset:vlbw,CoxPH,9,50,498,4.0,1,2.0,0.9997596390413399,0.00024036095866009077,10.0,0.9992091504191051,0.0007908495808949256,36.0,0.9971310528811026,0.0028689471188974025
survset:vlbw,CoxPH,9,50,269,14.0,0,2.0,0.9998158427374361,0.00018415726256393317,10.0,0.9993940360663716,0.0006059639336284395,36.0,0.9978012234652327,0.0021987765347672994
survset:vlbw,CoxPH,9,50,380,39.0,0,2.0,0.999420678962148,0.0005793210378519653,10.0,0.9980946243874118,0.0019053756125881893,36.0,0.9930980436812953,0.006901956318704716
survset:vlbw,CoxPH,9,50,161,114.0,0,2.0,0.9846892956181336,0.015310704381866436,10.0,0.9504879650743049,0.049512034925695114,36.0,0.8315993937548843,0.16840060624511566
survset:vlbw,CoxPH,9,50,418,80.0,0,2.0,0.9987429098066762,0.0012570901933237622,10.0,0.995868664652837,0.004131335347163034,36.0,0.9850786115455575,0.014921388454442464
survset:vlbw,CoxPH,9,50,234,27.0,0,2.0,0.9998796596018402,0.00012034039815977948,10.0,0.9996039945881486,0.0003960054118513634,36.0,0.9985626735249048,0.001437326475095202
survset:vlbw,CoxPH,9,50,186,61.0,0,2.0,0.999929158021393,7.08419786069614e-05,10.0,0.9997668663374126,0.00023313366258737034,36.0,0.9991536453892891,0.0008463546107109199
survset:vlbw,CoxPH,9,50,505,26.0,0,2.0,0.9993633666388105,0.0006366333611894648,10.0,0.9979062627666428,0.0020937372333571513,36.0,0.9924176103407262,0.007582389659273825
survset:vlbw,CoxPH,9,50,486,39.0,0,2.0,0.998871894814153,0.0011281051858470503,10.0,0.9962920164359491,0.0037079835640508874,36.0,0.9866001877683831,0.013399812231616903
survset:vlbw,CoxPH,9,50,160,42.0,0,2.0,0.9994634307506919,0.0005365692493081164,10.0,0.9982351477409812,0.0017648522590187898,36.0,0.9936058872551421,0.006394112744857905
survset:vlbw,CoxPH,9,50,202,276.0,1,2.0,0.9997385312976685,0.0002614687023314577,10.0,0.9991397212992575,0.0008602787007424562,36.0,0.996879471561249,0.0031205284387509913
survset:vlbw,CoxPH,9,50,171,20.0,1,2.0,0.9989028603444433,0.0010971396555566892,10.0,0.9963936694713772,0.003606330528622803,36.0,0.9869657941716986,0.013034205828301393
survset:vlbw,CoxPH,9,50,5,32.0,0,2.0,0.9982065100612643,0.0017934899387357373,10.0,0.994109448333686,0.005890551666314026,36.0,0.9787739895662332,0.021226010433766818
survset:vlbw,CoxPH,9,50,156,32.0,0,2.0,0.9969264587516155,0.003073541248384548,10.0,0.9899200406988923,0.010079959301107722,36.0,0.963877902130036,0.03612209786996401
survset:vlbw,CoxPH,9,50,385,60.0,0,2.0,0.9994541786256497,0.0005458213743503304,10.0,0.9982047352224424,0.001795264777557648,36.0,0.9934959621540617,0.0065040378459383374
survset:vlbw,CoxPH,9,50,512,74.0,0,2.0,0.9949683202777077,0.005031679722292348,10.0,0.9835351648843171,0.016464835115682863,36.0,0.9414924070181224,0.058507592981877576
survset:vlbw,CoxPH,9,50,105,82.0,0,2.0,0.9925250977010845,0.0074749022989154534,10.0,0.9756088541234482,0.02439114587655178,36.0,0.9142296742122874,0.0857703257877126
survset:vlbw,CoxPH,9,50,424,13.0,0,2.0,0.9983800832573008,0.0016199167426992345,10.0,0.9946784748736723,0.005321525126327664,36.0,0.980810039348684,0.01918996065131595
survset:vlbw,CoxPH,9,50,592,100.0,0,2.0,0.9988938995955088,0.001106100404491217,10.0,0.9963642525581866,0.003635747441813386,36.0,0.9868599828918301,0.013140017108169921
survset:vlbw,CoxPH,9,50,586,132.0,0,2.0,0.9909335182327961,0.009066481767203927,10.0,0.9704694339463849,0.029530566053615148,36.0,0.8968611729012596,0.10313882709874045
survset:vlbw,CoxPH,9,50,117,69.0,0,2.0,0.9823886599115044,0.01761134008849563,10.0,0.9431987290135877,0.0568012709864123,36.0,0.8086725536688958,0.1913274463311042
survset:vlbw,CoxPH,9,50,485,78.0,0,2.0,0.9974103204642121,0.0025896795357879254,10.0,0.9915021965383128,0.008497803461687159,36.0,0.9694840541006695,0.030515945899330488
survset:vlbw,CoxPH,9,50,575,2.0,1,2.0,0.996510935037901,0.0034890649620989977,10.0,0.9885627434256389,0.011437256574361121,36.0,0.959087258299332,0.040912741700668054
survset:vlbw,CoxPH,9,50,230,77.0,0,2.0,0.9998238173243184,0.00017618267568164647,10.0,0.9994202709082705,0.0005797290917295417,36.0,0.9978963455427624,0.0021036544572375915
survset:vlbw,CoxPH,9,50,287,144.0,1,2.0,0.9813878361856279,0.01861216381437214,10.0,0.9400399439290097,0.05996005607099031,36.0,0.7988809061226932,0.20111909387730675
survset:vlbw,CoxPH,9,50,123,64.0,0,2.0,0.9988282053571633,0.0011717946428366766,10.0,0.9961486058229064,0.00385139417709357,36.0,0.9860845625143483,0.013915437485651716
survset:vlbw,CoxPH,9,50,130,40.0,0,2.0,0.08739907019096763,0.9126009298090324,10.0,0.00032834100176420473,0.9996716589982358,36.0,1e-08,0.99999999
survset:vlbw,CoxPH,9,50,56,26.0,0,2.0,0.9939089419802223,0.0060910580197777175,10.0,0.9800928431975287,0.01990715680247135,36.0,0.9295811315964256,0.07041886840357436
survset:vlbw,CoxPH,9,50,88,8.0,0,2.0,0.8969671102770559,0.10303288972294411,10.0,0.6991651445593428,0.30083485544065725,36.0,0.2726456147934217,0.7273543852065782
survset:vlbw,CoxPH,9,50,158,30.0,0,2.0,0.9984967622607738,0.0015032377392262264,10.0,0.9950611120962884,0.004938887903711553,36.0,0.9821808889160294,0.017819111083970607
survset:vlbw,CoxPH,9,50,501,1.0,1,2.0,0.9728148385006872,0.027185161499312827,10.0,0.9132830087506171,0.08671699124938292,36.0,0.7193499627456673,0.2806500372543327
survset:vlbw,CoxPH,9,50,106,94.0,0,2.0,0.997663237696183,0.002336762303816964,10.0,0.9923298984273762,0.007670101572623822,36.0,0.9724262968469961,0.027573703153003892
survset:vlbw,CoxPH,9,50,242,28.0,0,2.0,0.9999326434712744,6.735652872558173e-05,10.0,0.9997783357092581,0.00022166429074188532,36.0,0.9991952709717045,0.0008047290282955366
survset:vlbw,CoxPH,9,50,324,7.0,0,2.0,0.9978321811516838,0.002167818848316183,10.0,0.9928830539814584,0.0071169460185416256,36.0,0.974396209617635,0.025603790382365044
survset:vlbw,CoxPH,9,50,169,67.0,0,2.0,0.9993847009123237,0.0006152990876763242,10.0,0.9979763767033059,0.0020236232966941436,36.0,0.9926708488863796,0.007329151113620425
survset:vlbw,CoxPH,9,50,226,6.0,0,2.0,0.9997597161871321,0.0002402838128678919,10.0,0.9992094041787943,0.0007905958212056641,36.0,0.9971319724816367,0.0028680275183633475
survset:vlbw,CoxPH,9,50,38,96.0,0,2.0,0.9981475031689445,0.0018524968310554835,10.0,0.9939160571436758,0.006083942856324187,36.0,0.978082709016531,0.02191729098346895
survset:vlbw,CoxPH,9,50,240,49.0,0,2.0,0.98555109371459,0.014448906285409957,10.0,0.9532285158945042,0.04677148410549581,36.0,0.8403398281402172,0.15966017185978276
survset:vlbw,CoxPH,9,50,100,60.0,1,2.0,0.9986886773935316,0.0013113226064683792,10.0,0.995690701610547,0.004309298389453042,36.0,0.9844394993183928,0.015560500681607192
survset:vlbw,CoxPH,9,50,531,9.0,1,2.0,0.9997311220848081,0.00026887791519192294,10.0,0.9991153511758374,0.0008846488241626149,36.0,0.9967911756046427,0.0032088243953573015
survset:vlbw,CoxPH,9,50,608,45.0,0,2.0,0.9511269465636755,0.04887305343632453,10.0,0.847967649647777,0.15203235035222296,36.0,0.549430336087477,0.45056966391252296
